,Climb,#stages,#editions,First year,Latitud,Longitud
0,Lagos de Covadonga,23,23,1983,43.269921,-4.9861479
1,Sierra Nevada,15,14,1979,36.58,-118.3
2,Puerto de Navacerrada,15,14,1982,40.7889324,-4.0035946
3,Alto del Naranco,13,13,1974,43.0493194,-4.7375986
4,Alto de Santo Emiliano,11,11,2000,43.2768612,-5.7150826
5,Alto del Cordal,11,11,2000,43.1985238,-5.85106
6,Estación de Esquí Cerler,11,11,1987,42.565317449999995,0.5446332404473377
7,Alto del León,10,10,1950,-34.9868067,-70.4077877
8,Alto de la Cobertoria,9,9,2006,43.1434917,-5.9058828
9,Alto de l'Angliru,9,9,1999,,
10,Puerto de San Lorenzo,9,9,2006,43.1411514,-6.1950418
11,Puerto de Tudons,8,6,2001,38.6502609,-0.3248134
12,Alto de la Colladona,8,7,2005,43.1811338,-5.6095601
13,Aramón Formigal,8,7,1972,42.77529905,-0.4045529232015884
14,Mirador del Fito,8,8,1979,43.438835,-5.1925248
15,Puerto de Alisas,8,8,1947,43.3003167,-3.6514868
16,Alto del Purche,8,8,2004,,
17,Puerto de la Morcuera,8,8,1979,40.8285178,-3.8328279
18,Xorret de Catí,7,7,1998,38.5238948,-0.6833061
19,Coll d'Ordino,7,7,2000,42.5560975,1.5723134
20,Alto de El Caracol,7,6,2008,21.9598627,-97.9093677
21,Alto de San Jerónimo,7,7,2002,-28.4301613,-65.4423954
22,Collado de Hoz,6,6,2001,43.2460358,-4.5417279
23,Alto de Robledondo,6,6,2000,,
24,Sierra de La Pandera,6,6,2002,37.63287,-3.7925283
25,Alto del Castillo,6,5,2001,38.0467075,-6.2639629
26,Alto de la Comella,6,6,2012,42.33252385,2.6055604284136553
27,Alto de Tenebredo,6,6,2002,,
28,Valdezcaray,6,6,1988,42.2525462,-2.9693047357993736
29,La Covatilla,6,6,2002,39.9501624,-0.825126
30,Alto de la Falla de Los Lobos,6,6,2000,,
31,Alto de Abantos,6,6,1999,,
32,Arcalís,6,6,1994,42.3539369,1.0838851
33,Montjuïc,5,5,1947,41.3631512,2.1656148
34,Alto de Cabruñana,5,5,2010,43.3986781,-6.1220906
35,Coll de la Rabassa,5,5,2000,42.43450945,1.5337294333179732
36,Puerto de Confrides,5,5,1979,,
37,Puerto de Fuente de las Varas,5,5,1947,43.3401836,-3.5825198
38,Alto del Desierto de las Palmas,5,5,1979,,
39,Alto de la Cresta del Gallo,5,5,1979,,
