,Puerto,Latitud,Longitud
0,Lagos de Covadonga,43.269921,-4.9861479
1,Sierra Nevada,36.58,-118.3
2,Puerto de Navacerrada,40.7889324,-4.0035946
3,Alto del Naranco,43.0493194,-4.7375986
4,Alto de Santo Emiliano,43.2768612,-5.7150826
5,Alto del Cordal,43.1985238,-5.85106
6,Estación de Esquí Cerler,42.565317449999995,0.5446332404473377
7,Alto del León,-34.9868067,-70.4077877
8,Alto de la Cobertoria,43.1434917,-5.9058828
9,Alto de l'Angliru,,
10,Puerto de San Lorenzo,43.1411514,-6.1950418
11,Puerto de Tudons,38.6502609,-0.3248134
12,Alto de la Colladona,43.1811338,-5.6095601
13,Aramón Formigal,42.77529905,-0.4045529232015884
14,Mirador del Fito,43.438835,-5.1925248
15,Puerto de Alisas,43.3003167,-3.6514868
16,Alto del Purche,,
17,Puerto de la Morcuera,40.8285178,-3.8328279
18,Xorret de Catí,38.5238948,-0.6833061
19,Coll d'Ordino,42.5560975,1.5723134
20,Alto de El Caracol,21.9598627,-97.9093677
21,Alto de San Jerónimo,-28.4301613,-65.4423954
22,Collado de Hoz,43.2460358,-4.5417279
23,Alto de Robledondo,,
24,Sierra de La Pandera,37.63287,-3.7925283
25,Alto del Castillo,38.0467075,-6.2639629
26,Alto de la Comella,42.33252385,2.6055604284136553
27,Alto de Tenebredo,,
28,Valdezcaray,42.2525462,-2.9693047357993736
29,La Covatilla,39.9501624,-0.825126
30,Alto de la Falla de Los Lobos,,
31,Alto de Abantos,,
32,Arcalís,42.3539369,1.0838851
33,Montjuïc,41.3631512,2.1656148
34,Alto de Cabruñana,43.3986781,-6.1220906
35,Coll de la Rabassa,42.43450945,1.5337294333179732
36,Puerto de Confrides,,
37,Puerto de Fuente de las Varas,43.3401836,-3.5825198
38,Alto del Desierto de las Palmas,,
39,Alto de la Cresta del Gallo,,
