,Puerto,Latitud,Longitud
0,Col du Tourmalet,42.9083745,0.1452684
1,Col du Galibier,45.0641651,6.407878
2,Col d'Aspin,42.9423318,0.3273823
3,L'Alpe d'Huez,45.092401,6.0699443
4,Col de Peyresourde,42.8023062,0.463075
5,Col d'Aubisque,42.9765752,-0.339792
6,Col de la Madeleine,45.4349516,6.3755223
7,Côte de Châteaufort,44.2743415,6.0164417
8,Col de Portet-d'Aspet,42.9447507,0.8537083
9,Col de la Colombière,45.9922392,6.475685
10,Mont Ventoux,44.1739649,5.2783976
11,Col de Menté,42.9193471,0.7617822
12,Col d'Izoard,44.8200267,6.7350408
13,Col des Aravis,45.872279,6.4648689
14,Col de Vars,44.5387259,6.7028765
15,Col de Marie-Blanque,43.0704705,-0.5075115
16,Puy de Dôme,45.7715343,3.0839934206717934
17,Côte de Saint-Rémy-Lès-Chevreuse,,
18,Col de la Croix de Fer,45.2274902,6.2033309
19,Col du Télégraphe,45.2026999,6.4446143
20,Ballon d'Alsace,47.8223547,6.8452273
21,Cormet de Roselend,45.6913293,6.6906249
22,Avoriaz,46.1925439,6.7702857
23,Col des Saisies,45.7615643,6.5333569
24,Col de Joux Plane,46.1296217,6.7129074
25,Col des Ares,42.9909193,0.6937708
26,Col du Glandon,45.2396059,6.1755353
27,Côte du Pavé des Gardes,,
28,Pla d'Adet,42.8125539,0.2947084
29,Col de Val Louron-Azet,42.7918785,0.3809508
30,Côte de 17 Tournants,43.6409273,5.1001037
31,Sestriere,44.9584528,6.8786855
32,Col du Soulor,42.9606159,-0.2611338
33,Col de Porte,44.8194755,6.7822406
34,Côte de Châtillon,49.528384,4.0890982
35,Mûr-de-Bretagne,48.1960984,-2.9826182529094267
36,Luz-Ardiden,42.8850872,-0.058821
37,Col de la Croix de Chaubouret,,
38,Col du Portillon,42.7690997,0.6600979
39,Col Bayard,44.6138218,6.0811415
