,Puerto,Latitud,Longitud
0,Roccaraso,41.8502606,14.0782574
1,Passo dell'Aprica,46.1543295,10.1541791
2,Passo Pordoi,46.4875517,11.8121935
3,Passo del Mortirolo,46.2478595,10.298304
4,Passo dello Stelvio,46.5480225,10.5055314
5,Passo del Tonale,46.2580068,10.5818471
6,Passo Fedaia,46.4539348,11.8877102
7,Abetone,44.1444997,10.6644636
8,Monte Terminillo,42.4733035,12.9973605
9,Passo Rolle,46.2963002,11.786321
10,Sestriere,44.9584528,6.8786855
11,Passo del Bracco,44.2494805,9.5697383
12,Passo Campolongo,46.5138595,11.8723674
13,Passo Sella,46.5080689,11.7673265
14,Campitello Matese,41.4618523,14.3934605
15,Monte Bondone,45.9880488,11.0317717
16,Passo Gavia,44.51918,7.06967
17,Blockhaus,50.993559,7.7244195
18,Tre Cime di Lavaredo,46.6177504,12.295392943840369
19,Oropa,14.1998334,-3.2624581
20,Passo Valparola,46.5316774,11.9888837
21,Passo Giau,46.4825596,12.053592
22,Passo San Pellegrino,46.3783576,11.7917199
23,Osimo,43.4861359,13.4824068
24,Monte Zoncolan,46.5024667,12.9263418
25,Sella Valcalda,46.5241502,12.9317962
26,Valico del Macerone,41.644911,14.2140588
27,Etna,37.7510251,14.9940321
28,Passo di Costalunga,46.4042798,11.6089903
29,Forcella Staulanza,46.4205694,12.1042866
30,Muro di Ca' del Poggio,,
31,Gran Sasso d'Italia,42.4728013,13.574246622780944
32,Passo della Mendola,46.4167623,11.2083285
33,Monte Grappa,45.8734305,11.7992028
34,Passo della Consuma,43.7829527,11.6016534
35,Montevergine di Mercogliano,40.9324467,14.730874
36,Rionero Sannitico,41.711927,14.138616
37,Passo del Bocco,44.415258,9.4433967
38,Passo Gardena,46.549819,11.8083893
39,Col St. Pantaleon,50.92855175,6.947979416201782
